{"cameraMode":{"drawMode":0,"name":"Shaded","section":"Shading Mode"},"sceneLighting":true,"audioPlay":false,"sceneViewState":{"m_AlwaysRefresh":false,"showFog":true,"showSkybox":true,"showFlares":true,"showImageEffects":true,"showParticleSystems":true,"showVisualEffectGraphs":true,"m_FxEnabled":true},"in2DMode":false,"pivot":{"x":12.489860534667969,"y":-0.9534652233123779,"z":7.907843589782715},"rotation":{"x":-0.05087418854236603,"y":-0.49983668327331545,"z":0.029436690732836725,"w":-0.8641361594200134},"size":8.818418502807618,"orthographic":false}