{"cameraMode":{"drawMode":0,"name":"Shaded","section":"Shading Mode"},"sceneLighting":true,"audioPlay":false,"sceneViewState":{"m_AlwaysRefresh":false,"showFog":true,"showSkybox":true,"showFlares":true,"showImageEffects":true,"showParticleSystems":true,"showVisualEffectGraphs":true,"m_FxEnabled":true},"in2DMode":false,"pivot":{"x":0.16513657569885255,"y":0.2927095293998718,"z":7.301900863647461},"rotation":{"x":0.010989486239850521,"y":0.9379370212554932,"z":-0.02984515205025673,"w":0.3453541100025177},"size":0.4330126941204071,"orthographic":false}